{
  "elementXPercent": 53.369639210347174,
  "elementYPercent": 3.608148527674514,
  "elementScale": 1,
  "allowedPrintAreaHeight": 218.83334350585938,
  "allowedPrintAreaWidth": 183.625
}
